{"final_suc": 0.6261261261261262, "tasks": {"0": {"xml": "pusher0.xml", "demo_idx": [1], "suc": 0.6666666666666666, "trial": [1.0, 1.0, 1.0, 0.0, 1.0, 0.0]}, "1": {"xml": "pusher1.xml", "demo_idx": [10], "suc": 0.5, "trial": [1.0, 1.0, 0.0, 0.0, 0.0, 1.0]}, "2": {"xml": "pusher2.xml", "demo_idx": [8], "suc": 0.5, "trial": [0.0, 1.0, 0.0, 0.0, 1.0, 1.0]}, "3": {"xml": "pusher3.xml", "demo_idx": [3], "suc": 0.3333333333333333, "trial": [1.0, 1.0, 0.0, 0.0, 0.0, 0.0]}, "4": {"xml": "pusher6.xml", "demo_idx": [7], "suc": 0.8333333333333334, "trial": [1.0, 1.0, 1.0, 0.0, 1.0, 1.0]}, "5": {"xml": "pusher7.xml", "demo_idx": [3], "suc": 0.16666666666666666, "trial": [0.0, 0.0, 0.0, 0.0, 1.0, 0.0]}, "6": {"xml": "pusher8.xml", "demo_idx": [11], "suc": 0.6666666666666666, "trial": [1.0, 0.0, 1.0, 0.0, 1.0, 1.0]}, "7": {"xml": "pusher9.xml", "demo_idx": [8], "suc": 0.8333333333333334, "trial": [1.0, 1.0, 0.0, 1.0, 1.0, 1.0]}, "8": {"xml": "pusher12.xml", "demo_idx": [5], "suc": 0.6666666666666666, "trial": [1.0, 1.0, 0.0, 1.0, 0.0, 1.0]}, "9": {"xml": "pusher13.xml", "demo_idx": [6], "suc": 1.0, "trial": [1.0, 1.0, 1.0, 1.0, 1.0, 1.0]}, "10": {"xml": "pusher18.xml", "demo_idx": [2], "suc": 0.16666666666666666, "trial": [0.0, 0.0, 1.0, 0.0, 0.0, 0.0]}, "11": {"xml": "pusher19.xml", "demo_idx": [3], "suc": 0.8333333333333334, "trial": [1.0, 1.0, 1.0, 1.0, 1.0, 0.0]}, "12": {"xml": "pusher20.xml", "demo_idx": [3], "suc": 0.16666666666666666, "trial": [1.0, 0.0, 0.0, 0.0, 0.0, 0.0]}, "13": {"xml": "pusher21.xml", "demo_idx": [3], "suc": 0.8333333333333334, "trial": [1.0, 1.0, 1.0, 1.0, 1.0, 0.0]}, "14": {"xml": "pusher22.xml", "demo_idx": [0], "suc": 0.6666666666666666, "trial": [1.0, 0.0, 1.0, 0.0, 1.0, 1.0]}, "15": {"xml": "pusher23.xml", "demo_idx": [9], "suc": 0.6666666666666666, "trial": [1.0, 1.0, 0.0, 1.0, 1.0, 0.0]}, "16": {"xml": "pusher24.xml", "demo_idx": [8], "suc": 0.6666666666666666, "trial": [1.0, 1.0, 0.0, 0.0, 1.0, 1.0]}, "17": {"xml": "pusher25.xml", "demo_idx": [5], "suc": 0.8333333333333334, "trial": [1.0, 1.0, 1.0, 0.0, 1.0, 1.0]}, "18": {"xml": "pusher26.xml", "demo_idx": [2], "suc": 1.0, "trial": [1.0, 1.0, 1.0, 1.0, 1.0, 1.0]}, "19": {"xml": "pusher27.xml", "demo_idx": [9], "suc": 1.0, "trial": [1.0, 1.0, 1.0, 1.0, 1.0, 1.0]}, "20": {"xml": "pusher28.xml", "demo_idx": [7], "suc": 0.8333333333333334, "trial": [1.0, 0.0, 1.0, 1.0, 1.0, 1.0]}, "21": {"xml": "pusher29.xml", "demo_idx": [5], "suc": 1.0, "trial": [1.0, 1.0, 1.0, 1.0, 1.0, 1.0]}, "22": {"xml": "pusher30.xml", "demo_idx": [1], "suc": 0.5, "trial": [0.0, 1.0, 1.0, 0.0, 1.0, 0.0]}, "23": {"xml": "pusher31.xml", "demo_idx": [11], "suc": 0.5, "trial": [0.0, 1.0, 1.0, 0.0, 1.0, 0.0]}, "24": {"xml": "pusher32.xml", "demo_idx": [4], "suc": 0.6666666666666666, "trial": [1.0, 1.0, 1.0, 0.0, 1.0, 0.0]}, "25": {"xml": "pusher33.xml", "demo_idx": [1], "suc": 0.8333333333333334, "trial": [0.0, 1.0, 1.0, 1.0, 1.0, 1.0]}, "26": {"xml": "pusher34.xml", "demo_idx": [9], "suc": 0.0, "trial": [0.0, 0.0, 0.0, 0.0, 0.0, 0.0]}, "27": {"xml": "pusher35.xml", "demo_idx": [4], "suc": 0.5, "trial": [1.0, 1.0, 1.0, 0.0, 0.0, 0.0]}, "28": {"xml": "pusher37.xml", "demo_idx": [6], "suc": 0.6666666666666666, "trial": [0.0, 0.0, 1.0, 1.0, 1.0, 1.0]}, "29": {"xml": "pusher38.xml", "demo_idx": [0], "suc": 0.5, "trial": [1.0, 0.0, 0.0, 1.0, 0.0, 1.0]}, "30": {"xml": "pusher39.xml", "demo_idx": [7], "suc": 0.6666666666666666, "trial": [0.0, 1.0, 1.0, 1.0, 1.0, 0.0]}, "31": {"xml": "pusher40.xml", "demo_idx": [4], "suc": 0.8333333333333334, "trial": [1.0, 1.0, 1.0, 1.0, 0.0, 1.0]}, "32": {"xml": "pusher41.xml", "demo_idx": [7], "suc": 0.8333333333333334, "trial": [1.0, 0.0, 1.0, 1.0, 1.0, 1.0]}, "33": {"xml": "pusher42.xml", "demo_idx": [6], "suc": 0.5, "trial": [1.0, 1.0, 0.0, 1.0, 0.0, 0.0]}, "34": {"xml": "pusher43.xml", "demo_idx": [5], "suc": 0.6666666666666666, "trial": [1.0, 1.0, 0.0, 1.0, 0.0, 1.0]}, "35": {"xml": "pusher45.xml", "demo_idx": [4], "suc": 0.6666666666666666, "trial": [0.0, 1.0, 1.0, 1.0, 1.0, 0.0]}, "36": {"xml": "pusher46.xml", "demo_idx": [10], "suc": 0.8333333333333334, "trial": [1.0, 1.0, 0.0, 1.0, 1.0, 1.0]}, "37": {"xml": "pusher47.xml", "demo_idx": [3], "suc": 0.8333333333333334, "trial": [1.0, 1.0, 1.0, 0.0, 1.0, 1.0]}, "38": {"xml": "pusher48.xml", "demo_idx": [11], "suc": 0.6666666666666666, "trial": [0.0, 1.0, 1.0, 1.0, 0.0, 1.0]}, "39": {"xml": "pusher49.xml", "demo_idx": [2], "suc": 0.0, "trial": [0.0, 0.0, 0.0, 0.0, 0.0, 0.0]}, "40": {"xml": "pusher50.xml", "demo_idx": [7], "suc": 0.6666666666666666, "trial": [1.0, 0.0, 1.0, 1.0, 1.0, 0.0]}, "41": {"xml": "pusher51.xml", "demo_idx": [4], "suc": 0.16666666666666666, "trial": [1.0, 0.0, 0.0, 0.0, 0.0, 0.0]}, "42": {"xml": "pusher52.xml", "demo_idx": [9], "suc": 0.6666666666666666, "trial": [1.0, 1.0, 1.0, 1.0, 0.0, 0.0]}, "43": {"xml": "pusher54.xml", "demo_idx": [6], "suc": 1.0, "trial": [1.0, 1.0, 1.0, 1.0, 1.0, 1.0]}, "44": {"xml": "pusher56.xml", "demo_idx": [8], "suc": 0.6666666666666666, "trial": [1.0, 1.0, 0.0, 1.0, 1.0, 0.0]}, "45": {"xml": "pusher57.xml", "demo_idx": [0], "suc": 1.0, "trial": [1.0, 1.0, 1.0, 1.0, 1.0, 1.0]}, "46": {"xml": "pusher58.xml", "demo_idx": [7], "suc": 0.6666666666666666, "trial": [0.0, 1.0, 0.0, 1.0, 1.0, 1.0]}, "47": {"xml": "pusher60.xml", "demo_idx": [5], "suc": 0.8333333333333334, "trial": [1.0, 1.0, 1.0, 1.0, 0.0, 1.0]}, "48": {"xml": "pusher61.xml", "demo_idx": [6], "suc": 0.0, "trial": [0.0, 0.0, 0.0, 0.0, 0.0, 0.0]}, "49": {"xml": "pusher62.xml", "demo_idx": [11], "suc": 0.3333333333333333, "trial": [0.0, 1.0, 0.0, 0.0, 0.0, 1.0]}, "50": {"xml": "pusher63.xml", "demo_idx": [11], "suc": 0.6666666666666666, "trial": [1.0, 1.0, 1.0, 0.0, 1.0, 0.0]}, "51": {"xml": "pusher64.xml", "demo_idx": [6], "suc": 0.5, "trial": [0.0, 1.0, 0.0, 1.0, 0.0, 1.0]}, "52": {"xml": "pusher65.xml", "demo_idx": [5], "suc": 0.3333333333333333, "trial": [1.0, 0.0, 0.0, 0.0, 0.0, 1.0]}, "53": {"xml": "pusher66.xml", "demo_idx": [7], "suc": 0.3333333333333333, "trial": [0.0, 1.0, 1.0, 0.0, 0.0, 0.0]}, "54": {"xml": "pusher67.xml", "demo_idx": [10], "suc": 0.16666666666666666, "trial": [0.0, 1.0, 0.0, 0.0, 0.0, 0.0]}, "55": {"xml": "pusher68.xml", "demo_idx": [1], "suc": 0.6666666666666666, "trial": [1.0, 1.0, 0.0, 1.0, 0.0, 1.0]}, "56": {"xml": "pusher69.xml", "demo_idx": [7], "suc": 0.8333333333333334, "trial": [1.0, 1.0, 1.0, 1.0, 1.0, 0.0]}, "57": {"xml": "pusher70.xml", "demo_idx": [11], "suc": 0.0, "trial": [0.0, 0.0, 0.0, 0.0, 0.0, 0.0]}, "58": {"xml": "pusher71.xml", "demo_idx": [4], "suc": 0.8333333333333334, "trial": [1.0, 1.0, 1.0, 1.0, 0.0, 1.0]}, "59": {"xml": "pusher73.xml", "demo_idx": [1], "suc": 0.6666666666666666, "trial": [1.0, 1.0, 0.0, 1.0, 1.0, 0.0]}, "60": {"xml": "pusher74.xml", "demo_idx": [7], "suc": 0.5, "trial": [1.0, 0.0, 1.0, 0.0, 0.0, 1.0]}, "61": {"xml": "pusher76.xml", "demo_idx": [5], "suc": 0.16666666666666666, "trial": [0.0, 0.0, 0.0, 0.0, 0.0, 1.0]}, "62": {"xml": "pusher77.xml", "demo_idx": [8], "suc": 0.16666666666666666, "trial": [0.0, 1.0, 0.0, 0.0, 0.0, 0.0]}, "63": {"xml": "pusher80.xml", "demo_idx": [5], "suc": 0.5, "trial": [0.0, 1.0, 0.0, 1.0, 1.0, 0.0]}, "64": {"xml": "pusher81.xml", "demo_idx": [0], "suc": 0.8333333333333334, "trial": [1.0, 0.0, 1.0, 1.0, 1.0, 1.0]}, "65": {"xml": "pusher82.xml", "demo_idx": [3], "suc": 1.0, "trial": [1.0, 1.0, 1.0, 1.0, 1.0, 1.0]}, "66": {"xml": "pusher83.xml", "demo_idx": [7], "suc": 0.8333333333333334, "trial": [1.0, 1.0, 1.0, 0.0, 1.0, 1.0]}, "67": {"xml": "pusher84.xml", "demo_idx": [6], "suc": 1.0, "trial": [1.0, 1.0, 1.0, 1.0, 1.0, 1.0]}, "68": {"xml": "pusher86.xml", "demo_idx": [1], "suc": 0.8333333333333334, "trial": [1.0, 1.0, 0.0, 1.0, 1.0, 1.0]}, "69": {"xml": "pusher87.xml", "demo_idx": [8], "suc": 1.0, "trial": [1.0, 1.0, 1.0, 1.0, 1.0, 1.0]}, "70": {"xml": "pusher90.xml", "demo_idx": [10], "suc": 0.3333333333333333, "trial": [0.0, 0.0, 1.0, 1.0, 0.0, 0.0]}, "71": {"xml": "pusher92.xml", "demo_idx": [1],