{"final_suc": 0.8, "tasks": {"0": {"xml": "pusher2.xml", "demo_idx": [4], "suc": 0.3333333333333333, "trial": [0.0, 0.0, 0.0, 1.0, 1.0, 0.0]}, "1": {"xml": "pusher3.xml", "demo_idx": [10], "suc": 0.8333333333333334, "trial": [1.0, 1.0, 1.0, 1.0, 1.0, 0.0]}, "2": {"xml": "pusher4.xml", "demo_idx": [4], "suc": 1.0, "trial": [1.0, 1.0, 1.0, 1.0, 1.0, 1.0]}, "3": {"xml": "pusher7.xml", "demo_idx": [10], "suc": 1.0, "trial": [1.0, 1.0, 1.0, 1.0, 1.0, 1.0]}, "4": {"xml": "pusher8.xml", "demo_idx": [0], "suc": 1.0, "trial": [1.0, 1.0, 1.0, 1.0, 1.0, 1.0]}, "5": {"xml": "pusher11.xml", "demo_idx": [6], "suc": 1.0, "trial": [1.0, 1.0, 1.0, 1.0, 1.0, 1.0]}, "6": {"xml": "pusher12.xml", "demo_idx": [3], "suc": 0.6666666666666666, "trial": [0.0, 1.0, 1.0, 0.0, 1.0, 1.0]}, "7": {"xml": "pusher14.xml", "demo_idx": [8], "suc": 0.6666666666666666, "trial": [0.0, 1.0, 1.0, 1.0, 0.0, 1.0]}, "8": {"xml": "pusher15.xml", "demo_idx": [3], "suc": 1.0, "trial": [1.0, 1.0, 1.0, 1.0, 1.0, 1.0]}, "9": {"xml": "pusher19.xml", "demo_idx": [3], "suc": 1.0, "trial": [1.0, 1.0, 1.0, 1.0, 1.0, 1.0]}, "10": {"xml": "pusher20.xml", "demo_idx": [10], "suc": 1.0, "trial": [1.0, 1.0, 1.0, 1.0, 1.0, 1.0]}, "11": {"xml": "pusher21.xml", "demo_idx": [0], "suc": 1.0, "trial": [1.0, 1.0, 1.0, 1.0, 1.0, 1.0]}, "12": {"xml": "pusher22.xml", "demo_idx": [11], "suc": 0.3333333333333333, "trial": [1.0, 0.0, 0.0, 1.0, 0.0, 0.0]}, "13": {"xml": "pusher23.xml", "demo_idx": [1], "suc": 0.6666666666666666, "trial": [0.0, 1.0, 1.0, 1.0, 1.0, 0.0]}, "14": {"xml": "pusher25.xml", "demo_idx": [3], "suc": 0.5, "trial": [1.0, 0.0, 0.0, 1.0, 0.0, 1.0]}, "15": {"xml": "pusher26.xml", "demo_idx": [10], "suc": 1.0, "trial": [1.0, 1.0, 1.0, 1.0, 1.0, 1.0]}, "16": {"xml": "pusher28.xml", "demo_idx": [8], "suc": 1.0, "trial": [1.0, 1.0, 1.0, 1.0, 1.0, 1.0]}, "17": {"xml": "pusher30.xml", "demo_idx": [4], "suc": 0.6666666666666666, "trial": [1.0, 0.0, 1.0, 0.0, 1.0, 1.0]}, "18": {"xml": "pusher31.xml", "demo_idx": [4], "suc": 0.8333333333333334, "trial": [1.0, 1.0, 1.0, 1.0, 1.0, 0.0]}, "19": {"xml": "pusher32.xml", "demo_idx": [4], "suc": 0.5, "trial": [0.0, 1.0, 0.0, 1.0, 1.0, 0.0]}}}